Link Name,Center of Mass X,Center of Mass Y,Center of Mass Z,Center of Mass Roll,Center of Mass Pitch,Center of Mass Yaw,Mass,Moment Ixx,Moment Ixy,Moment Ixz,Moment Iyy,Moment Iyz,Moment Izz,Visual X,Visual Y,Visual Z,Visual Roll,Visual Pitch,Visual Yaw,Mesh Filename,Color Red,Color Green,Color Blue,Color Alpha,Collision X,Collision Y,Collision Z,Collision Roll,Collision Pitch,Collision Yaw,Collision Mesh Filename,Material Name,SW Components,Coordinate System,Axis Name,Joint Name,Joint Type,Joint Origin X,Joint Origin Y,Joint Origin Z,Joint Origin Roll,Joint Origin Pitch,Joint Origin Yaw,Parent,Joint Axis X,Joint Axis Y,Joint Axis Z,Limit Effort,Limit Velocity,Limit Lower,Limit Upper,Calibration rising,Calibration falling,Dynamics Damping,Dynamics Friction,Safety Soft Upper,Safety Soft Lower,Safety K Position,Safety K Velocity
base_link,-0.0692290284006728,-0.00111167357139812,0.209437375706228,0,0,0,13.9911595310973,0.228662864751628,1.31797608623743E-05,-0.000141913206055105,0.212945028652424,-8.90835491727859E-06,0.173634455704557,0,0,0,0,0,0,package://standrad_description/meshes/base_link.STL,1,1,1,0.25,0,0,0,0,0,0,package://standrad_description/meshes/base_link.STL,,Mantis标准版1.5底盘外壳装配体-1/Mantis标准版1.5底盘外壳滑台部分（加筋）后侧-1;Mantis标准版1.5底盘外壳装配体-1/Mantis标准版1.5底盘外壳滑台部分（加筋）前侧-1;Mantis标准版1.5底盘外壳装配体-1/Mantis标准版1.5底盘外壳轮盖-1;Mantis标准版1.5底盘外壳装配体-1/Mantis标准版1.5底盘外壳底盘部分（加筋 ）前右-1;Mantis标准版1.5底盘外壳装配体-1/Mantis标准版1.5底盘外壳底盘部分（加筋 ）前中-1;Mantis标准版1.5底盘外壳装配体-1/Mantis标准版1.5底盘外壳底盘部分（加筋 ）后-1;Mantis标准版1.5底盘外壳装配体-1/Mantis标准版1.5底盘合页装配-1;Mantis标准版1.5底盘外壳装配体-1/Mantis标准版1.5底盘合页装配-2;Mantis标准版1.5底盘外壳装配体-1/Mantis标准版1.5底盘外壳电池盖-倒角-1;M标准1.5Mantis标准版1.0-底盘装配-1/M标准1.5Mantis标准版1.0-底盘底板10mm-1;M标准1.5Mantis标准版1.0-底盘装配-1/M标准1.5Mantis标准版1.0-LCFW8-3030-壁厚2-180-1;M标准1.5Mantis标准版1.0-底盘装配-1/M标准1.5Mantis标准版1.0-底盘加强30角码-3;M标准1.5Mantis标准版1.0-底盘装配-1/M标准1.5Mantis标准版1.0-125滑台模组-1/M标准1.5Mantis标准版1.0-125滑台主干-1;M标准1.5Mantis标准版1.0-底盘装配-1/M标准1.5Mantis标准版1.0-型材20-160-1;M标准1.5Mantis标准版1.0-底盘装配-1/M标准1.5Mantis标准版1.0-底盘加强30角码-4;M标准1.5Mantis标准版1.0-底盘装配-1/M标准1.5Mantis标准版1.0-底盘加强30角码-2;M标准1.5Mantis标准版1.0-底盘装配-1/M标准1.5Mantis标准版1.0-底盘加强30角码-6;M标准1.5Mantis标准版1.0-底盘装配-1/M标准1.5Mantis标准版1.0-底盘加强30角码-5;M标准1.5Mantis标准版1.0-底盘装配-1/M标准1.5Mantis标准版1.0-型材20-152-1;M标准1.5Mantis标准版1.0-底盘装配-1/M标准1.5Mantis标准版1.0-LCFW8-3030-壁厚2-180-2;M标准1.5Mantis标准版1.0-底盘装配-1/M标准1.5Mantis标准版1.0-无滑台底盘上板-1;M标准1.5Mantis标准版1.0-底盘装配-1/M标准1.5Mantis标准版1.0-底盘加强30角码-11;M标准1.5Mantis标准版1.0-底盘装配-1/M标准1.5Mantis标准版1.0-型材20-160-5;M标准1.5Mantis标准版1.0-底盘装配-1/M标准1.5Mantis标准版1.0-LCFW8-3030-壁厚2-180-5;M标准1.5Mantis标准版1.0-底盘装配-1/M标准1.5Mantis标准版1.0-底盘加强30角码-1;M标准1.5Mantis标准版1.0-底盘装配-1/M标准1.5Mantis标准版1.0-底盘加强30角码-14;M标准1.5Mantis标准版1.0-底盘装配-1/M标准1.5Mantis标准版1.0-底盘加强30角码-13;M标准1.5Mantis标准版1.0-底盘装配-1/M标准1.5Mantis标准版1.0-底盘加强30角码-10;M标准1.5Mantis标准版1.0-底盘装配-1/M标准1.5Mantis标准版1.0-LCFW8-3030-壁厚2-180-6;Mantis标准版1.5底盘外壳装配体-1/镜向Mantis标准版1.5底盘外壳底盘部分（加筋 ）前右-2;Mantis标准版1.5底盘外壳装配体-1/镜向Mantis标准版1.5底盘外壳轮盖-3;M标准1.5Mantis标准版1.0-底盘装配-1/M标准1.5Mantis标准版1.0-125滑台模组-1/M标准1.5Mantis标准版1.0-底盘滑台后侧肋板镜向-3;M标准1.5Mantis标准版1.0-底盘装配-1/M标准1.5Mantis标准版1.0-125滑台模组-1/M标准1.5Mantis标准版1.0-底盘滑台后侧肋板-1;M标准1.5Mantis标准版1.0-底盘装配-1/M标准1.5Mantis标准版1.0-125滑台模组-1/M标准1.5Mantis标准版1.0-底盘滑台底座替换-1;M标准1.5Mantis标准版1.0-底盘装配-1/M标准1.5Mantis标准版1.0-125滑台模组-1/M标准1.5Mantis标准版1.0-125滑台上盖-1;M标准1.5Mantis标准版1.0-底盘装配-1/M标准1.5Mantis标准版1.0-125滑台模组-1/M标准1.5Mantis标准版1.0-125滑台块-1;M标准1.5Mantis标准版1.0-底盘装配-1/M标准1.5Mantis标准版1.0-125滑台模组-1/M标准1.5Mantis标准版1.0-125滑台光电门铁片-1;M标准1.5Mantis标准版1.0-底盘装配-1/M标准1.5Mantis标准版1.0-底盘拖链固定件末端l-1;M标准1.5Mantis标准版1.0-底盘装配-1/M标准1.5Mantis标准版1.0-底盘轮组装配（优化版）-3/M标准1.5Mantis标准版1.0-底盘轮系00电机座-1;M标准1.5Mantis标准版1.0-底盘装配-1/M标准1.5Mantis标准版1.0-底盘轮组装配（优化版）-3/M标准1.5Mantis标准版1.0-底盘轮系法兰15-32-9-1;M标准1.5Mantis标准版1.0-底盘装配-1/M标准1.5Mantis标准版1.0-底盘轮组装配（优化版）-1/M标准1.5Mantis标准版1.0-底盘轮系00电机座-1;M标准1.5Mantis标准版1.0-底盘装配-1/M标准1.5Mantis标准版1.0-底盘轮组装配（优化版）-1/M标准1.5Mantis标准版1.0-底盘轮系法兰15-32-9-1;M标准1.5Mantis标准版1.0-底盘装配-1/M标准1.5Mantis标准版1.0-底盘轮组装配（优化版）-2/M标准1.5Mantis标准版1.0-底盘轮系00电机座-1;M标准1.5Mantis标准版1.0-底盘装配-1/M标准1.5Mantis标准版1.0-底盘轮组装配（优化版）-2/M标准1.5Mantis标准版1.0-底盘轮系法兰15-32-9-1;Mantis标准版1.5底盘外壳轮盖-1,M_base_system,,,,0,0,0,0,0,0,,0,0,0,,,,,,,,,,,,
D_left_Link,-0.0240948939952943,3.58171314997213E-06,2.37958559246021E-06,0,0,0,0.462675291076093,0.00117970810753711,-1.32237343650069E-08,-5.40665732652256E-08,0.000678082524170764,1.66871306834711E-08,0.000678146178961259,0,0,0,0,0,0,package://standrad_description/meshes/D_left_Link.STL,0.776470588235294,0.756862745098039,0.737254901960784,1,0,0,0,0,0,0,package://standrad_description/meshes/D_left_Link.STL,,M标准1.5Mantis标准版1.0-底盘装配-1/M标准1.5Mantis标准版1.0-底盘轮组装配（优化版）-3/M标准1.5Mantis标准版1.0-85款不带轴承150轮子-1;M标准1.5Mantis标准版1.0-底盘装配-1/M标准1.5Mantis标准版1.0-底盘轮组装配（优化版）-3/M标准1.5Mantis标准版1.0-底盘轮系轮子连轴-六方-1,D_left_system,D_left_link,D_left_joint,continuous,0.124001411462432,0.214776659431165,0.0394999999999984,3.14159265358979,0,-2.09439527463327,base_link,-1,0,0,0,0,0,0,,,,,,,,
D_right_Link,0.0240948966081713,-3.59252464567084E-06,2.36954156596081E-06,0,0,0,0.462675301767314,0.00117970829542118,-1.33318342011369E-08,5.40747822434173E-08,0.00067808253696738,-1.66481261177945E-08,0.000678146376883062,0,0,0,0,0,0,package://standrad_description/meshes/D_right_Link.STL,0.776470588235294,0.756862745098039,0.737254901960784,1,0,0,0,0,0,0,package://standrad_description/meshes/D_right_Link.STL,,M标准1.5Mantis标准版1.0-底盘装配-1/M标准1.5Mantis标准版1.0-底盘轮组装配（优化版）-1/M标准1.5Mantis标准版1.0-85款不带轴承150轮子-1;M标准1.5Mantis标准版1.0-底盘装配-1/M标准1.5Mantis标准版1.0-底盘轮组装配（优化版）-1/M标准1.5Mantis标准版1.0-底盘轮系轮子连轴-六方-1,D_right_system,D_right_link,D_right_joint,continuous,0.124001337476132,-0.214776702147174,0.0394999999999984,3.14159265358979,0,-1.04719772343667,base_link,-1,0,0,0,0,0,0,,,,,,,,
D_behind_Link,0.0240948893263476,3.57748299442684E-06,-2.37421673376925E-06,0,0,0,0.462675307874263,0.00117970817372452,1.33699502730581E-08,-5.40500446589159E-08,0.000678082469946546,-1.65585453809151E-08,0.000678146349618995,0,0,0,0,0,0,package://standrad_description/meshes/D_behind_Link.STL,0.776470588235294,0.756862745098039,0.737254901960784,1,0,0,0,0,0,0,package://standrad_description/meshes/D_behind_Link.STL,,M标准1.5Mantis标准版1.0-底盘装配-1/M标准1.5Mantis标准版1.0-底盘轮组装配（优化版）-2/M标准1.5Mantis标准版1.0-85款不带轴承150轮子-1;M标准1.5Mantis标准版1.0-底盘装配-1/M标准1.5Mantis标准版1.0-底盘轮组装配（优化版）-2/M标准1.5Mantis标准版1.0-底盘轮系轮子连轴-六方-1,D_behind_system,D_behind_link,D_behind_joint,continuous,-0.248002748938563,0,0.0394999999999985,0,0,3.14159248134972,base_link,-1,0,0,0,0,0,0,,,,,,,,
C_Link,0.0651609981031324,-4.56560665158812E-06,-0.0549343453442789,0,0,0,6.33265582297441,0.0172956273733003,6.78553131541263E-07,-5.6945033927838E-06,0.0167295573131793,-4.78559435388249E-06,0.0103041437711315,0,0,0,0,0,0,package://standrad_description/meshes/C_Link.STL,0.752941176470588,0.752941176470588,0.752941176470588,1,0,0,0,0,0,0,package://standrad_description/meshes/C_Link.STL,,M标准1.5Mantis标准版1.0上半身装配-1/M标准1.5Mantis标准版1.0-胸部装配-1;M标准1.5Mantis标准版1.0上半身装配-1/M标准1.5Mantis标准版1.0右整臂装配-1/M标准1.5Mantis标准版1.0右大臂装配-1/M标准1.5Mantis标准版1.0-大臂00限位-1;M标准1.5Mantis标准版1.0上半身装配-1/M标准1.5Mantis标准版1.0左整臂装配-1/M标准1.5Mantis标准版1.0左大臂装配-1/M标准1.5Mantis标准版1.0-大臂00限位-1;M标准1.5Mantis标准版1.0上半身装配-1/M标准1.5Mantis标准版1.0右整臂装配-1/M标准1.5Mantis标准版1.0右大臂装配-1/M标准1.5Mantis标准版1.0-RS04-1;M标准1.5Mantis标准版1.0上半身装配-1/M标准1.5Mantis标准版1.0左整臂装配-1/M标准1.5Mantis标准版1.0左大臂装配-1/M标准1.5Mantis标准版1.0-RS04-2;拆件外壳总装-1;M标准1.5Mantis标准版1.0上半身装配-1/M标准1.5Mantis标准版1.0右整臂装配-1/M标准1.5Mantis标准版1.0右大臂装配-1/M标准1.5Mantis标准版1.0-04固定U-1;M标准1.5Mantis标准版1.0上半身装配-1/M标准1.5Mantis标准版1.0左整臂装配-1/M标准1.5Mantis标准版1.0左大臂装配-1/M标准1.5Mantis标准版1.0-04固定U-1,C_system,C_link,C_joint,prismatic,-0.0475812630478771,0,1.02188026546364,0,-0.00050687070452022,0,base_link,-0.000506870682816193,0,-0.999999871541047,0,0,0.486,0.024,,,,,,,,
A_left_Degree1_link,-0.0327829856519302,0.0613693610803536,0.000145815564471519,0,0,0,0.637177782335949,0.000765847060038537,4.49288566372568E-06,3.26278474344504E-05,0.0011925085434817,-1.05523413082157E-05,0.000865677893579695,0,0,0,0,0,0,package://standrad_description/meshes/A_left_Degree1_link.STL,0.898039215686275,0.917647058823529,0.929411764705882,1,0,0,0,0,0,0,package://standrad_description/meshes/A_left_Degree1_link.STL,,M标准1.5Mantis标准版1.0上半身装配-1/M标准1.5Mantis标准版1.0左整臂装配-1/M标准1.5Mantis标准版1.0左大臂装配-1/M标准1.5Mantis标准版1.0-大臂后肩03旋转限位-1;镜像01关节电机外壳-2;M标准1.5Mantis标准版1.0上半身装配-1/M标准1.5Mantis标准版1.0左整臂装配-1/M标准1.5Mantis标准版1.0左大臂装配-1/M标准1.5Mantis标准版1.0-大臂00旋转-1;M标准1.5Mantis标准版1.0上半身装配-1/M标准1.5Mantis标准版1.0左整臂装配-1/M标准1.5Mantis标准版1.0左大臂装配-1/M标准1.5Mantis标准版1.0-大臂后肩03固定--1;M标准1.5Mantis标准版1.0上半身装配-1/M标准1.5Mantis标准版1.0左整臂装配-1/M标准1.5Mantis标准版1.0左大臂装配-1/M标准1.5Mantis标准版1.0-RS03-1,A_left_Degree1_system,A_left_Degree1_link,A_left_Degree1_joint,continuous,0.0769782744545503,0.082995695464067,-0.00591929831752525,3.14108578288527,0,-1.57079632679491,C_Link,-1,0,0,0,0,1.1344,3.0194,,,,,,,,
A_left_Degree2_link,0.0534351256043341,0.000309476462646521,0.0214289403502042,0,0,0,0.359479854090502,0.000312472144008941,1.24145520119721E-06,3.35901453352118E-06,0.000299195180822908,1.01738939374208E-06,0.000491702729716522,0,0,0,0,0,0,package://standrad_description/meshes/A_left_Degree2_link.STL,0.792156862745098,0.819607843137255,0.933333333333333,1,0,0,0,0,0,0,package://standrad_description/meshes/A_left_Degree2_link.STL,,02关节电机外壳-2/02_X2_517382827535673a591658f3_X0_-1-1;02关节电机外壳-2/0625 02_X2_7535673a76d6501289d2_X0_-1-1;02关节电机外壳-2/02_X2_517382827535673a76d6_X0_-1;M标准1.5Mantis标准版1.0上半身装配-1/M标准1.5Mantis标准版1.0左整臂装配-1/M标准1.5Mantis标准版1.0左大臂装配-1/M标准1.5Mantis标准版1.0-RS03-2;M标准1.5Mantis标准版1.0上半身装配-1/M标准1.5Mantis标准版1.0左整臂装配-1/M标准1.5Mantis标准版1.0左大臂装配-1/M标准1.5Mantis标准版1.0-大臂后肩03旋转-1;M标准1.5Mantis标准版1.0上半身装配-1/M标准1.5Mantis标准版1.0左整臂装配-1/M标准1.5Mantis标准版1.0左大臂装配-1/M标准1.5Mantis标准版1.0-大臂上肩03固定-加强-1,A_left_Degree2_system,A_left_Degree2_link,A_left_Degree2_joint,continuous,-0.0960000000000036,0.0435000000000065,0,-3.14159265358977,0,-1.5707963267949,A_left_Degree1_link,-1,0,0,0,0,3.1416,0.7854,,,,,,,,
A_left_Degree3_link,0.0890722629316871,0.00408259454634252,0.00287820512672216,0,0,0,0.901970121053274,0.0011382797808797,-0.000111052541912236,-9.77372892537033E-05,0.00277547964047391,-8.39925821599762E-06,0.00325946406989314,0,0,0,0,0,0,package://standrad_description/meshes/A_left_Degree3_link.STL,0.898039215686275,0.917647058823529,0.929411764705882,1,0,0,0,0,0,0,package://standrad_description/meshes/A_left_Degree3_link.STL,,M标准1.5Mantis标准版1.0上半身装配-1/M标准1.5Mantis标准版1.0左整臂装配-1/M标准1.5Mantis标准版1.0左大臂装配-1/M标准1.5Mantis标准版1.0-大臂上肩03旋转-1;镜像0630 4.0大臂改动发结构-电机侧-1;镜像0630 4.0大臂改动发结构-电机对侧-1;关节电机盖-4;关节电机盖-3;M标准1.5Mantis标准版1.0上半身装配-1/M标准1.5Mantis标准版1.0左整臂装配-1/M标准1.5Mantis标准版1.0左大臂装配-1/M标准1.5Mantis标准版1.0-大臂侧肩03固定-3;M标准1.5Mantis标准版1.0上半身装配-1/M标准1.5Mantis标准版1.0左整臂装配-1/M标准1.5Mantis标准版1.0左大臂装配-1/M标准1.5Mantis标准版1.0-大臂侧肩03固定钣金加强-1;M标准1.5Mantis标准版1.0上半身装配-1/M标准1.5Mantis标准版1.0左整臂装配-1/M标准1.5Mantis标准版1.0左大臂装配-1/M标准1.5Mantis标准版1.0-RS03-3;M标准1.5Mantis标准版1.0上半身装配-1/M标准1.5Mantis标准版1.0左整臂装配-1/M标准1.5Mantis标准版1.0左大臂装配-1/M标准1.5Mantis标准版1.0-左大臂钣金304-1;M标准1.5Mantis标准版1.0上半身装配-1/M标准1.5Mantis标准版1.0左整臂装配-1/M标准1.5Mantis标准版1.0左大臂装配-1/M标准1.5Mantis标准版1.0-大臂侧肩03旋转限位-1;M标准1.5Mantis标准版1.0上半身装配-1/M标准1.5Mantis标准版1.0左整臂装配-1/M标准1.5Mantis标准版1.0左大臂装配-1/M标准1.5Mantis标准版1.0-左大臂钣金上支撑打印-1,A_left_Degree3_system,A_left_Degree3_link,A_left_Degree3_joint,continuous,0.0834999873249738,0,0.000500005866580389,-2.3552680163106,1.57079461277268,-0.784471861755016,A_left_Degree2_link,-0.999999999999992,0,0,0,0,0.8888,0.8888,,,,,,,,
A_left_Degree4_link,0.0334209547926782,-0.0436126945126038,-0.000773003732296454,0,0,0,0.305652129268535,0.000123910914744969,-5.68590185628867E-08,4.65719587247696E-07,0.000161506974126028,1.40040339024388E-06,0.00011793283542378,0,0,0,0,0,0,package://standrad_description/meshes/A_left_Degree4_link.STL,0.647058823529412,0.619607843137255,0.588235294117647,1,0,0,0,0,0,0,package://standrad_description/meshes/A_left_Degree4_link.STL,,M标准1.5Mantis标准版1.0上半身装配-1/M标准1.5Mantis标准版1.0左整臂装配-1/M标准1.5Mantis标准版1.0左大臂装配-1/M标准1.5Mantis标准版1.0-滚针轴承8-21-4-6;M标准1.5Mantis标准版1.0上半身装配-1/M标准1.5Mantis标准版1.0左整臂装配-1/M标准1.5Mantis标准版1.0左大臂装配-1/M标准1.5Mantis标准版1.0-小臂旋转连接-1;M标准1.5Mantis标准版1.0上半身装配-1/M标准1.5Mantis标准版1.0左整臂装配-1/M标准1.5Mantis标准版1.0左大臂装配-1/M标准1.5Mantis标准版1.0-小臂旋转连接轴打印-1;M标准1.5Mantis标准版1.0上半身装配-1/M标准1.5Mantis标准版1.0左整臂装配-1/M标准1.5Mantis标准版1.0左大臂装配-1/M标准1.5Mantis标准版1.0-小臂旋转连接凸台-2;M标准1.5Mantis标准版1.0上半身装配-1/M标准1.5Mantis标准版1.0左整臂装配-1/M标准1.5Mantis标准版1.0左大臂装配-1/M标准1.5Mantis标准版1.0-滚针轴承8-21-4-3;M标准1.5Mantis标准版1.0上半身装配-1/M标准1.5Mantis标准版1.0左整臂装配-1/M标准1.5Mantis标准版1.0左大臂装配-1/M标准1.5Mantis标准版1.0-小臂旋转连接销轴-1;M标准1.5Mantis标准版1.0上半身装配-1/M标准1.5Mantis标准版1.0左整臂装配-1/M标准1.5Mantis标准版1.0左小臂装配-1/M标准1.5Mantis标准版1.0-小臂02固定-2;03关节电机外壳-3;03关节电机外壳-4;M标准1.5Mantis标准版1.0上半身装配-1/M标准1.5Mantis标准版1.0左整臂装配-1/M标准1.5Mantis标准版1.0左小臂装配-1/M标准1.5Mantis标准版1.0-小臂02安装垫块-1;M标准1.5Mantis标准版1.0上半身装配-1/M标准1.5Mantis标准版1.0左整臂装配-1/M标准1.5Mantis标准版1.0左小臂装配-1/M标准1.5Mantis标准版1.0-RS02-1;M标准1.5Mantis标准版1.0上半身装配-1/M标准1.5Mantis标准版1.0左整臂装配-1/M标准1.5Mantis标准版1.0左小臂装配-1/M标准1.5Mantis标准版1.0-小臂02限位块-1,A_left_Degree4_system,A_left_Degree4_link,A_left_Degree4_joint,continuous,0.225499955063066,0,0.0340002826686706,-0.140709745102441,1.57079510226755,-0.140708531976486,A_left_Degree3_link,-1,0,0,0,0,0,1.5708,,,,,,,,
A_left_Degree5_link,0.0442035800365889,0.000373851944586098,0.00398241000292786,0,0,0,0.43425362049979,0.000391356518326358,5.23652885571039E-06,-5.32215077310876E-07,0.000652340932400347,3.32308010566058E-07,0.000553620281144761,0,0,0,0,0,0,package://standrad_description/meshes/A_left_Degree5_link.STL,0.898039215686275,0.917647058823529,0.929411764705882,1,0,0,0,0,0,0,package://standrad_description/meshes/A_left_Degree5_link.STL,,M标准1.5Mantis标准版1.0上半身装配-1/M标准1.5Mantis标准版1.0左整臂装配-1/M标准1.5Mantis标准版1.0左小臂装配-1/M标准1.5Mantis标准版1.0-小臂02限位座-1;镜像01小臂外壳-连杆侧-1;镜像01小臂外壳-1;M标准1.5Mantis标准版1.0上半身装配-1/M标准1.5Mantis标准版1.0左整臂装配-1/M标准1.5Mantis标准版1.0左小臂装配-1/M标准1.5Mantis标准版1.0-左小臂腕部旋转钣金-1;M标准1.5Mantis标准版1.0上半身装配-1/M标准1.5Mantis标准版1.0左整臂装配-1/M标准1.5Mantis标准版1.0左小臂装配-1/M标准1.5Mantis标准版1.0-RS00-1;M标准1.5Mantis标准版1.0上半身装配-1/M标准1.5Mantis标准版1.0左整臂装配-1/M标准1.5Mantis标准版1.0左小臂装配-1/M标准1.5Mantis标准版1.0-小臂腕部左摆限位-1;M标准1.5Mantis标准版1.0上半身装配-1/M标准1.5Mantis标准版1.0左整臂装配-1/M标准1.5Mantis标准版1.0左小臂装配-1/M标准1.5Mantis标准版1.0-双通铜柱50黑色-2;M标准1.5Mantis标准版1.0上半身装配-1/M标准1.5Mantis标准版1.0左整臂装配-1/M标准1.5Mantis标准版1.0左小臂装配-1/M标准1.5Mantis标准版1.0-双通铜柱50黑色-1;M标准1.5Mantis标准版1.0上半身装配-1/M标准1.5Mantis标准版1.0左整臂装配-1/M标准1.5Mantis标准版1.0左小臂装配-1/M标准1.5Mantis标准版1.0-单牙螺母18+6黑色-1;M标准1.5Mantis标准版1.0上半身装配-1/M标准1.5Mantis标准版1.0左整臂装配-1/M标准1.5Mantis标准版1.0左小臂装配-1/M标准1.5Mantis标准版1.0-单牙螺母18+6黑色-2;M标准1.5Mantis标准版1.0上半身装配-1/M标准1.5Mantis标准版1.0左整臂装配-1/M标准1.5Mantis标准版1.0左小臂装配-1/M标准1.5Mantis标准版1.0-61204法兰MF126ZZ-1;M标准1.5Mantis标准版1.0上半身装配-1/M标准1.5Mantis标准版1.0左整臂装配-1/M标准1.5Mantis标准版1.0左小臂装配-1/M标准1.5Mantis标准版1.0-61204法兰MF126ZZ-2,A_left_Degree5_system,A_left_Degree5_link,A_left_Degree5_joint,continuous,0.0340000155222709,-0.104000016079761,0,3.14159249090554,0,-1.57079632730072,A_left_Degree4_link,-1,0,0,0,0,2.7925,2.7925,,,,,,,,
A_left_Degree6_link,-0.0348967001162161,0.00030010420987947,-0.00245344684001776,0,0,0,0.0827530331926077,1.87876948788235E-05,5.21814453884827E-08,-2.38428065290913E-07,2.59552021051207E-05,-1.17195843964811E-07,4.06798058100674E-05,0,0,0,0,0,0,package://standrad_description/meshes/A_left_Degree6_link.STL,0.898039215686275,0.917647058823529,0.929411764705882,1,0,0,0,0,0,0,package://standrad_description/meshes/A_left_Degree6_link.STL,,M标准1.5Mantis标准版1.0上半身装配-1/M标准1.5Mantis标准版1.0左整臂装配-1/M标准1.5Mantis标准版1.0左小臂装配-1/M标准1.5Mantis标准版1.0-小臂腕部左摆左轴-1;M标准1.5Mantis标准版1.0上半身装配-1/M标准1.5Mantis标准版1.0左整臂装配-1/M标准1.5Mantis标准版1.0左小臂装配-1/M标准1.5Mantis标准版1.0-小臂腕部上摆限位-1;M标准1.5Mantis标准版1.0上半身装配-1/M标准1.5Mantis标准版1.0左整臂装配-1/M标准1.5Mantis标准版1.0左小臂装配-1/M标准1.5Mantis标准版1.0-RS00-2;M标准1.5Mantis标准版1.0上半身装配-1/M标准1.5Mantis标准版1.0左整臂装配-1/M标准1.5Mantis标准版1.0左小臂装配-1/M标准1.5Mantis标准版1.0-小臂腕部左摆右轴固定-1,A_left_Degree6_system,A_left_Degree6_link,A_left_Degree6_joint,continuous,0.108999999529849,0,-0.0326999988388929,0,1.57079616492685,1.57079773473845,A_left_Degree5_link,-1,0,0,0,0,0.7854,0.7854,,,,,,,,
A_left_Degree7_link,-0.0174937566410523,-0.074801228542056,-0.000201684833541452,0,0,0,0.20108533910921,3.6888366390095E-05,7.88811614450344E-07,4.66590252033786E-07,0.000332799205077694,-8.30470103690524E-08,0.000314811209446729,0,0,0,0,0,0,package://standrad_description/meshes/A_left_Degree7_link.STL,0.898039215686275,0.917647058823529,0.929411764705882,1,0,0,0,0,0,0,package://standrad_description/meshes/A_left_Degree7_link.STL,,M标准1.5Mantis标准版1.0上半身装配-1/M标准1.5Mantis标准版1.0左整臂装配-1/M标准1.5Mantis标准版1.0左小臂装配-1/M标准1.5Mantis标准版1.0-小臂腕部上摆限位连接-1;M标准1.5Mantis标准版1.0上半身装配-1/M标准1.5Mantis标准版1.0左整臂装配-1/M标准1.5Mantis标准版1.0左小臂装配-1/M标准1.5Mantis标准版1.0-小臂执行器固定-1;M标准1.5Mantis标准版1.0上半身装配-1/M标准1.5Mantis标准版1.0左整臂装配-1/M标准1.5Mantis标准版1.0左小臂装配-1/M标准1.5Mantis标准版1.0-RS00-3;M标准1.5Mantis标准版1.0上半身装配-1/M标准1.5Mantis标准版1.0左整臂装配-1/M标准1.5Mantis标准版1.0平行夹爪-1/M标准1.5Mantis标准版1.0加长主板-1;M标准1.5Mantis标准版1.0上半身装配-1/M标准1.5Mantis标准版1.0左整臂装配-1/M标准1.5Mantis标准版1.0平行夹爪-1/M标准1.5Mantis标准版1.0加长MGN7导轨-1,A_left_Degree7_system,A_left_Degree7_link,A_left_Degree7_joint,continuous,-0.0326999999999747,0,0.0224999999999964,-1.57079638019301,-1.57079615365905,1.57079638019276,A_left_Degree6_link,-1,0,0,0,0,1.5708,1.5708,,,,,,,,
A_left_Degree8_link,0.0148128763496287,0.00484278603523963,0.000370291906796411,0,0,0,0.0423315289500873,2.3653696711087E-05,-5.23572039931876E-06,1.82208426241352E-08,1.29984826249463E-05,-5.0406898265262E-09,2.12008854443794E-05,0,0,0,0,0,0,package://standrad_description/meshes/A_left_Degree8_link.STL,1,1,1,1,0,0,0,0,0,0,package://standrad_description/meshes/A_left_Degree8_link.STL,,M标准1.5Mantis标准版1.0上半身装配-1/M标准1.5Mantis标准版1.0左整臂装配-1/M标准1.5Mantis标准版1.0平行夹爪-1/M标准1.5Mantis标准版1.0夹爪迭代-2.4-2;M标准1.5Mantis标准版1.0上半身装配-1/M标准1.5Mantis标准版1.0左整臂装配-1/M标准1.5Mantis标准版1.0平行夹爪-1/M标准1.5Mantis标准版1.0夹爪下垫板（对侧）-螺纹-2,A_left_Degree8_system,A_left_Degree8_link,A_left_Degree8_joint,prismatic,0.030413807275072,-0.140228398012892,0,0,0,0,A_left_Degree7_link,-1,0,0,0,0,0,0.04965,,,,,,,,
A_left_Degree9_link,0.014812876349556,0.00484278602208171,0.000370291957620242,0,0,0,0.0423315289501455,2.36536967110947E-05,-5.23572039932925E-06,1.82208426217348E-08,1.29984826249472E-05,-5.04068984316621E-09,2.1200885444379E-05,0,0,0,0,0,0,package://standrad_description/meshes/A_left_Degree9_link.STL,1,1,1,1,0,0,0,0,0,0,package://standrad_description/meshes/A_left_Degree9_link.STL,,M标准1.5Mantis标准版1.0上半身装配-1/M标准1.5Mantis标准版1.0左整臂装配-1/M标准1.5Mantis标准版1.0平行夹爪-1/M标准1.5Mantis标准版1.0夹爪迭代-2.4-1;M标准1.5Mantis标准版1.0上半身装配-1/M标准1.5Mantis标准版1.0左整臂装配-1/M标准1.5Mantis标准版1.0平行夹爪-1/M标准1.5Mantis标准版1.0夹爪下垫板（对侧）-螺纹-1,A_left_Degree9_system,A_left_Degree9_link,A_left_Degree9_joint,prismatic,-0.0754138072750765,-0.140228398012892,0,3.14159265358979,0,3.14159265358979,A_left_Degree7_link,-1,0,0,0,0,0,0.04965,,,,,,,,
A_right_Degree1_link,-0.0563126571791973,0.0576567584054838,-0.00062446162176838,0,0,0,0.533105948836077,0.000578992613272907,-7.34582761636409E-06,-2.50016420551105E-05,0.000800908210658315,5.27723947117716E-06,0.000620038845462232,0,0,0,0,0,0,package://standrad_description/meshes/A_right_Degree1_link.STL,0.898039215686275,0.917647058823529,0.929411764705882,1,0,0,0,0,0,0,package://standrad_description/meshes/A_right_Degree1_link.STL,,M标准1.5Mantis标准版1.0上半身装配-1/M标准1.5Mantis标准版1.0右整臂装配-1/M标准1.5Mantis标准版1.0右大臂装配-1/M标准1.5Mantis标准版1.0-大臂00旋转-1;M标准1.5Mantis标准版1.0上半身装配-1/M标准1.5Mantis标准版1.0右整臂装配-1/M标准1.5Mantis标准版1.0右大臂装配-1/M标准1.5Mantis标准版1.0-大臂后肩03旋转限位镜向-1;01关节电机外壳-1/0617 01_X2_7535673a76d64fee_X0_-2-1;01关节电机外壳-1/0625 01_X2_7535673a76d6501289d2_X0_-1;01关节电机外壳-1/02_X2_517382827535673a76d6_X0_-1;M标准1.5Mantis标准版1.0上半身装配-1/M标准1.5Mantis标准版1.0右整臂装配-1/M标准1.5Mantis标准版1.0右大臂装配-1/M标准1.5Mantis标准版1.0-大臂后肩03固定--1;M标准1.5Mantis标准版1.0上半身装配-1/M标准1.5Mantis标准版1.0右整臂装配-1/M标准1.5Mantis标准版1.0右大臂装配-1/M标准1.5Mantis标准版1.0-RS03-1;M标准1.5Mantis标准版1.0上半身装配-1/M标准1.5Mantis标准版1.0右整臂装配-1/M标准1.5Mantis标准版1.0右大臂装配-1/M标准1.5Mantis标准版1.0-六面螺母m4h10-1,A_right_Degree1_system,A_right_Degree1_link,A_right_Degree1_joint,continuous,0.0769782677791134,-0.0830042958976002,-0.00591928425117105,0.00050687070452022,0,1.57079632679489,C_Link,-1,0,0,0,0,3.0194,1.1344,,,,,,,,
A_right_Degree2_link,0.0463343838597719,-0.000222143078189685,0.0242759226439052,0,0,0,0.407662660424642,0.0003425079131401,6.89450320780694E-07,3.35543534553814E-06,0.000312653818317077,-9.21522517743173E-07,0.000534911910548955,0,0,0,-0.4,0,0,package://standrad_description/meshes/A_right_Degree2_link.STL,0.792156862745098,0.819607843137255,0.933333333333333,1,0,0,0,0,0,0,package://standrad_description/meshes/A_right_Degree2_link.STL,,02关节电机外壳-1/02_X2_517382827535673a591658f3_X0_-1-1;M标准1.5Mantis标准版1.0上半身装配-1/M标准1.5Mantis标准版1.0右整臂装配-1/M标准1.5Mantis标准版1.0右大臂装配-1/M标准1.5Mantis标准版1.0-大臂后肩03旋转镜向-1;M标准1.5Mantis标准版1.0上半身装配-1/M标准1.5Mantis标准版1.0右整臂装配-1/M标准1.5Mantis标准版1.0右大臂装配-1/M标准1.5Mantis标准版1.0-大臂上肩03固定-加强-1;02关节电机外壳-1/0625 02_X2_7535673a76d6501289d2_X0_-1-1;M标准1.5Mantis标准版1.0上半身装配-1/M标准1.5Mantis标准版1.0右整臂装配-1/M标准1.5Mantis标准版1.0右大臂装配-1/M标准1.5Mantis标准版1.0-大臂上肩03固定--1;02关节电机外壳-1/02_X2_517382827535673a76d6_X0_-1;M标准1.5Mantis标准版1.0上半身装配-1/M标准1.5Mantis标准版1.0右整臂装配-1/M标准1.5Mantis标准版1.0右大臂装配-1/M标准1.5Mantis标准版1.0-RS03-2,A_right_Degree2_system,A_right_Degree2_link,A_right_Degree2_joint,continuous,-0.0959999999999897,0.0384999999999865,0,-0.00022392286056729,0,-1.57079632679195,A_right_Degree1_link,-1,0,0,0,0,0.7854,3.1416,,,,,,,,
A_right_Degree3_link,-0.079555565041347,0.00431694071797873,0.00442087100073968,0,0,0,0.709724888648779,0.000806262465850854,7.13397863188126E-05,9.38440239193726E-05,0.00186070842708674,-8.22417968523062E-06,0.00211141229420271,0,0,0,0,0,0,package://standrad_description/meshes/A_right_Degree3_link.STL,0.898039215686275,0.917647058823529,0.929411764705882,1,0,0,0,0,0,0,package://standrad_description/meshes/A_right_Degree3_link.STL,,M标准1.5Mantis标准版1.0上半身装配-1/M标准1.5Mantis标准版1.0右整臂装配-1/M标准1.5Mantis标准版1.0右大臂装配-1/M标准1.5Mantis标准版1.0-大臂上肩03旋转镜向-1;M标准1.5Mantis标准版1.0上半身装配-1/M标准1.5Mantis标准版1.0右整臂装配-1/M标准1.5Mantis标准版1.0右大臂装配-1/M标准1.5Mantis标准版1.0-大臂侧肩03固定钣金加强镜向-1;0630 4.0大臂改动发结构-电机侧-1;0630 4.0大臂改动发结构-电机对侧-1;M标准1.5Mantis标准版1.0上半身装配-1/M标准1.5Mantis标准版1.0右整臂装配-1/M标准1.5Mantis标准版1.0右大臂装配-1/M标准1.5Mantis标准版1.0-大臂侧肩03固定镜向-1;M标准1.5Mantis标准版1.0上半身装配-1/M标准1.5Mantis标准版1.0右整臂装配-1/M标准1.5Mantis标准版1.0右大臂装配-1/M标准1.5Mantis标准版1.0-RS03-3;关节电机盖-1;关节电机盖-2;M标准1.5Mantis标准版1.0上半身装配-1/M标准1.5Mantis标准版1.0右整臂装配-1/M标准1.5Mantis标准版1.0右大臂装配-1/M标准1.5Mantis标准版1.0-左大臂钣金304镜向-1;M标准1.5Mantis标准版1.0上半身装配-1/M标准1.5Mantis标准版1.0右整臂装配-1/M标准1.5Mantis标准版1.0右大臂装配-1/M标准1.5Mantis标准版1.0-大臂侧肩03旋转限位镜向-1;M标准1.5Mantis标准版1.0上半身装配-1/M标准1.5Mantis标准版1.0右整臂装配-1/M标准1.5Mantis标准版1.0右大臂装配-1/M标准1.5Mantis标准版1.0-左大臂钣金上支撑打印-1,A_right_Degree3_system,A_right_Degree3_link,A_right_Degree3_joint,continuous,0.0784999998585377,0,-0.00449999987831035,3.14146625074913,-1.57057240393149,-1.57067009619408,A_right_Degree2_link,-1,0,0,0,0,0.8888,0.8888,,,,,,,,
A_right_Degree4_link,0.0344395978174035,-0.0437073264505615,-0.000772998925328228,0,0,0,0.305652129385668,0.000123910914702652,4.12836741687662E-08,-4.16101042020878E-07,0.000161506974070846,1.40040328956274E-06,0.000117932835465619,0,0,0,0,0,0,package://standrad_description/meshes/A_right_Degree4_link.STL,0.647058823529412,0.619607843137255,0.588235294117647,1,0,0,0,0,0,0,package://standrad_description/meshes/A_right_Degree4_link.STL,,M标准1.5Mantis标准版1.0上半身装配-1/M标准1.5Mantis标准版1.0右整臂装配-1/M标准1.5Mantis标准版1.0右大臂装配-1/M标准1.5Mantis标准版1.0-滚针轴承8-21-4-4;M标准1.5Mantis标准版1.0上半身装配-1/M标准1.5Mantis标准版1.0右整臂装配-1/M标准1.5Mantis标准版1.0右大臂装配-1/M标准1.5Mantis标准版1.0-小臂旋转连接凸台镜向-1;M标准1.5Mantis标准版1.0上半身装配-1/M标准1.5Mantis标准版1.0右整臂装配-1/M标准1.5Mantis标准版1.0右大臂装配-1/M标准1.5Mantis标准版1.0-小臂旋转连接轴打印-1;M标准1.5Mantis标准版1.0上半身装配-1/M标准1.5Mantis标准版1.0右整臂装配-1/M标准1.5Mantis标准版1.0右大臂装配-1/M标准1.5Mantis标准版1.0-小臂旋转连接镜向-1;M标准1.5Mantis标准版1.0上半身装配-1/M标准1.5Mantis标准版1.0右整臂装配-1/M标准1.5Mantis标准版1.0右大臂装配-1/M标准1.5Mantis标准版1.0-滚针轴承8-21-4-3;M标准1.5Mantis标准版1.0上半身装配-1/M标准1.5Mantis标准版1.0右整臂装配-1/M标准1.5Mantis标准版1.0右大臂装配-1/M标准1.5Mantis标准版1.0-小臂旋转连接销轴-1;M标准1.5Mantis标准版1.0上半身装配-1/M标准1.5Mantis标准版1.0右整臂装配-1/M标准1.5Mantis标准版1.0右小臂装配-1/M标准1.5Mantis标准版1.0-小臂02固定-1;M标准1.5Mantis标准版1.0上半身装配-1/M标准1.5Mantis标准版1.0右整臂装配-1/M标准1.5Mantis标准版1.0右小臂装配-1/M标准1.5Mantis标准版1.0-小臂02安装垫块-1;M标准1.5Mantis标准版1.0上半身装配-1/M标准1.5Mantis标准版1.0右整臂装配-1/M标准1.5Mantis标准版1.0右小臂装配-1/M标准1.5Mantis标准版1.0-RS02-1;03关节电机外壳-1;03关节电机外壳-2;M标准1.5Mantis标准版1.0上半身装配-1/M标准1.5Mantis标准版1.0右整臂装配-1/M标准1.5Mantis标准版1.0右小臂装配-1/M标准1.5Mantis标准版1.0-小臂02限位块-1,A_right_Degree4_system,A_right_Degree4_link,A_right_Degree4_joint,continuous,-0.220500000005883,0,-0.0339999999995122,1.57078369304951,-1.57079615430149,-1.57078366474503,A_right_Degree3_link,-1,0,0,0,0,1.5708,0,,,,,,,,
A_right_Degree5_link,-0.0439174496993495,-0.000304298106964529,7.98214115590584E-05,0,0,0,0.347078011571867,0.000313935631012573,2.60895399508815E-06,3.35215823928073E-06,0.000545603158818411,8.54071105019625E-06,0.000409996480791431,0,0,0,0,0,0,package://standrad_description/meshes/A_right_Degree5_link.STL,0.898039215686275,0.917647058823529,0.929411764705882,1,0,0,0,0,0,0,package://standrad_description/meshes/A_right_Degree5_link.STL,,M标准1.5Mantis标准版1.0上半身装配-1/M标准1.5Mantis标准版1.0右整臂装配-1/M标准1.5Mantis标准版1.0右小臂装配-1/M标准1.5Mantis标准版1.0-小臂02限位座-1;小臂外壳-1/01小臂外壳-连杆侧-1;小臂外壳-1/01小臂外壳-1;M标准1.5Mantis标准版1.0上半身装配-1/M标准1.5Mantis标准版1.0右整臂装配-1/M标准1.5Mantis标准版1.0右小臂装配-1/M标准1.5Mantis标准版1.0-小臂腕部左摆限位-1;M标准1.5Mantis标准版1.0上半身装配-1/M标准1.5Mantis标准版1.0右整臂装配-1/M标准1.5Mantis标准版1.0右小臂装配-1/M标准1.5Mantis标准版1.0-RS00-3;M标准1.5Mantis标准版1.0上半身装配-1/M标准1.5Mantis标准版1.0右整臂装配-1/M标准1.5Mantis标准版1.0右小臂装配-1/M标准1.5Mantis标准版1.0-双通铜柱50黑色-1;M标准1.5Mantis标准版1.0上半身装配-1/M标准1.5Mantis标准版1.0右整臂装配-1/M标准1.5Mantis标准版1.0右小臂装配-1/M标准1.5Mantis标准版1.0-单牙螺母18+6黑色-1;M标准1.5Mantis标准版1.0上半身装配-1/M标准1.5Mantis标准版1.0右整臂装配-1/M标准1.5Mantis标准版1.0右小臂装配-1/M标准1.5Mantis标准版1.0-双通铜柱50黑色-2;M标准1.5Mantis标准版1.0上半身装配-1/M标准1.5Mantis标准版1.0右整臂装配-1/M标准1.5Mantis标准版1.0右小臂装配-1/M标准1.5Mantis标准版1.0-单牙螺母18+6黑色-2;M标准1.5Mantis标准版1.0上半身装配-1/M标准1.5Mantis标准版1.0右整臂装配-1/M标准1.5Mantis标准版1.0右小臂装配-1/M标准1.5Mantis标准版1.0-61204法兰MF126ZZ-1;M标准1.5Mantis标准版1.0上半身装配-1/M标准1.5Mantis标准版1.0右整臂装配-1/M标准1.5Mantis标准版1.0右小臂装配-1/M标准1.5Mantis标准版1.0-左小臂腕部旋转钣金-1;M标准1.5Mantis标准版1.0上半身装配-1/M标准1.5Mantis标准版1.0右整臂装配-1/M标准1.5Mantis标准版1.0右小臂装配-1/M标准1.5Mantis标准版1.0-61204法兰MF126ZZ-2,A_right_Degree5_system,A_right_Degree5_link,A_right_Degree5_joint,continuous,0.0340000000000001,-0.10400000000001,0,0,0,1.57079632679485,A_right_Degree4_link,-1,0,0,0,0,2.7925,2.7925,,,,,,,,
A_right_Degree6_link,-0.0325034182072856,0.000275930746516717,0.00342504429496659,0,0,0,0.0900031146261275,2.00593004104452E-05,3.9898627173591E-08,4.48732886053976E-07,2.71166839864052E-05,1.17200736095482E-07,4.08226971242817E-05,0,0,0,0,0,0,package://standrad_description/meshes/A_right_Degree6_link.STL,0.898039215686275,0.917647058823529,0.929411764705882,1,0,0,0,0,0,0,package://standrad_description/meshes/A_right_Degree6_link.STL,,M标准1.5Mantis标准版1.0上半身装配-1/M标准1.5Mantis标准版1.0右整臂装配-1/M标准1.5Mantis标准版1.0右小臂装配-1/M标准1.5Mantis标准版1.0-小臂腕部上摆限位镜向-1;M标准1.5Mantis标准版1.0上半身装配-1/M标准1.5Mantis标准版1.0右整臂装配-1/M标准1.5Mantis标准版1.0右小臂装配-1/M标准1.5Mantis标准版1.0-小臂腕部左摆右轴固定-1;M标准1.5Mantis标准版1.0上半身装配-1/M标准1.5Mantis标准版1.0右整臂装配-1/M标准1.5Mantis标准版1.0右小臂装配-1/M标准1.5Mantis标准版1.0-小臂腕部左摆右轴-1;M标准1.5Mantis标准版1.0上半身装配-1/M标准1.5Mantis标准版1.0右整臂装配-1/M标准1.5Mantis标准版1.0右小臂装配-1/M标准1.5Mantis标准版1.0-小臂腕部左摆左轴-1;M标准1.5Mantis标准版1.0上半身装配-1/M标准1.5Mantis标准版1.0右整臂装配-1/M标准1.5Mantis标准版1.0右小臂装配-1/M标准1.5Mantis标准版1.0-RS00-2,A_right_Degree6_system,A_right_Degree6_link,A_right_Degree6_joint,continuous,-0.108999999999999,0,0.0327000000000024,-1.57079615455478,-1.5707963267949,0,A_right_Degree5_link,-1,0,0,0,0,0.7854,0.7854,,,,,,,,
A_right_Degree7_link,0.0174937559739421,-0.0748012277754171,-7.87096882015198E-05,0,0,0,0.201085345504632,3.68883679111274E-05,-7.88810532320363E-07,-4.78875152304152E-07,0.000332799209241137,-2.69726908139978E-07,0.000314811212857653,0,0,0,0,0,0,package://standrad_description/meshes/A_right_Degree7_link.STL,0.898039215686275,0.917647058823529,0.929411764705882,1,0,0,0,0,0,0,package://standrad_description/meshes/A_right_Degree7_link.STL,,M标准1.5Mantis标准版1.0上半身装配-1/M标准1.5Mantis标准版1.0右整臂装配-1/M标准1.5Mantis标准版1.0右小臂装配-1/M标准1.5Mantis标准版1.0-小臂腕部上摆限位连接镜向-1;M标准1.5Mantis标准版1.0上半身装配-1/M标准1.5Mantis标准版1.0右整臂装配-1/M标准1.5Mantis标准版1.0右小臂装配-1/M标准1.5Mantis标准版1.0-小臂执行器固定镜向-1;M标准1.5Mantis标准版1.0上半身装配-1/M标准1.5Mantis标准版1.0右整臂装配-1/M标准1.5Mantis标准版1.0右小臂装配-1/M标准1.5Mantis标准版1.0-RS00-1;M标准1.5Mantis标准版1.0上半身装配-1/M标准1.5Mantis标准版1.0右整臂装配-1/M标准1.5Mantis标准版1.0平行夹爪-1/M标准1.5Mantis标准版1.0加长主板-1;M标准1.5Mantis标准版1.0上半身装配-1/M标准1.5Mantis标准版1.0右整臂装配-1/M标准1.5Mantis标准版1.0平行夹爪-1/M标准1.5Mantis标准版1.0加长MGN7导轨-1,A_right_Degree7_system,A_right_Degree7_link,A_right_Degree7_joint,continuous,-0.032699999999996,0,-0.0224999999999947,-1.57079608532423,-1.57079615365905,1.57079608532427,A_right_Degree6_link,-1,0,0,0,0,1.5708,1.5708,,,,,,,,
A_right_Degree8_link,-0.120640490899316,0.00484278340983429,-0.000370291939803133,0,0,0,0.0423315289483409,2.36536967104891E-05,5.23572039936984E-06,1.82208423769953E-08,1.29984826243924E-05,5.04068998928317E-09,2.12008854438885E-05,0,0,0,0,0,0,package://standrad_description/meshes/A_right_Degree8_link.STL,1,1,1,1,0,0,0,0,0,0,package://standrad_description/meshes/A_right_Degree8_link.STL,,M标准1.5Mantis标准版1.0上半身装配-1/M标准1.5Mantis标准版1.0右整臂装配-1/M标准1.5Mantis标准版1.0平行夹爪-1/M标准1.5Mantis标准版1.0夹爪迭代-2.4-1;M标准1.5Mantis标准版1.0上半身装配-1/M标准1.5Mantis标准版1.0右整臂装配-1/M标准1.5Mantis标准版1.0平行夹爪-1/M标准1.5Mantis标准版1.0夹爪下垫板（对侧）-螺纹-1,A_right_Degree8_system,A_right_Degree8_link,A_right_Degree8_joint,prismatic,0.0754138072750719,-0.140228398076101,0,0,0,0,A_right_Degree7_link,-1,0,0,0,0,0,0.04965,,,,,,,,
A_right_Degree9_link,-0.120640490899739,0.00484278340984945,-0.000370291945563483,0,0,0,0.0423315289500868,2.36536967110896E-05,5.23572039931925E-06,1.8220842623399E-08,1.29984826249459E-05,5.04068982906692E-09,2.12008854443812E-05,0,0,0,0,0,0,package://standrad_description/meshes/A_right_Degree9_link.STL,1,1,1,1,0,0,0,0,0,0,package://standrad_description/meshes/A_right_Degree9_link.STL,,M标准1.5Mantis标准版1.0上半身装配-1/M标准1.5Mantis标准版1.0右整臂装配-1/M标准1.5Mantis标准版1.0平行夹爪-1/M标准1.5Mantis标准版1.0夹爪迭代-2.4-2;M标准1.5Mantis标准版1.0上半身装配-1/M标准1.5Mantis标准版1.0右整臂装配-1/M标准1.5Mantis标准版1.0平行夹爪-1/M标准1.5Mantis标准版1.0夹爪下垫板（对侧）-螺纹-2,A_right_Degree9_system,A_right_Degree9_link,A_right_Degree9_joint,prismatic,-0.0304138072750743,-0.140228398076101,0,-3.14159265358979,0,-3.14159265358979,A_right_Degree7_link,-1,0,0,0,0,0,0.04965,,,,,,,,
H_Degree1_Link,0.0819600999580331,0.0271230671569619,-0.0100912220825109,0,0,0,0.448403215424371,0.000759996066197029,-0.000134806639636377,-6.51012896596043E-09,0.000707521942827569,-1.02196029875742E-05,0.000576337009486162,0,0,0,0,0,0,package://standrad_description/meshes/H_Degree1_Link.STL,0.792156862745098,0.819607843137255,0.933333333333333,1,0,0,0,0,0,0,package://standrad_description/meshes/H_Degree1_Link.STL,,标准版头部总装-1/RS05修101-2;标准版头部总装-1/脖子电机外壳01-1;标准版头部总装-1/两侧钣金01-1;标准版头部总装-1/脖子外壳-1,H_Degree1_system,H_Degree1_link,H_Degree1_joint,revolute,0.0966216027047007,0,0.0795707701001659,1.57079615455427,-1.57028945609014,0,C_Link,-1,0,0,0,0,2.0944,2.0944,,,,,,,,
H_Degree2_link,0.047449130283727,0.0115163317375216,-0.0184002538041748,0,0,0,0.391963477171488,0.000844934250360697,-1.51148792616119E-05,8.32332949556763E-05,0.00056066603592287,-1.85887667377202E-09,0.000993096335809094,0,0,0,0,0,0,package://standrad_description/meshes/H_Degree2_link.STL,0.792156862745098,0.819607843137255,0.933333333333333,1,0,0,0,0,0,0,package://standrad_description/meshes/H_Degree2_link.STL,,标准版头部总装-1/0715 4.0脖子改动发结构01-1;标准版头部总装-1/头部钣金01-1;标准版头部总装-1/RS05修101-3;标准版头部总装-1/头部转轴01-1,H_Degree2_system,H_Degree2_link,H_Degree2_joint,revolute,0.119703335639239,0.0744151913530968,0,-1.57078266172348,0,-1.57079632679254,H_Degree1_Link,-1,0,0,0,0,0.6981,0.6981,,,,,,,,
H_Degree3_link,0.0683891081214556,-0.227799275828309,-0.000312967535107123,0,0,0,17.1573718140124,0.0767562360548025,-1.16233844413748E-05,-1.86297220864027E-06,0.24558236929893,-3.59346219198377E-06,0.224421272856287,0,0,0,0,0,0,package://standrad_description/meshes/H_Degree3_link.STL,0.792156862745098,0.819607843137255,0.933333333333333,1,0,0,0,0,0,0,package://standrad_description/meshes/H_Degree3_link.STL,,标准版头部总装-1/头部上部分修改070901-1;标准版头部总装-1/头部整体带摄像头01-1;标准版头部总装-1/头部亚克力01-1;标准版头部总装-1/摄像头01-2/摄像头前部修101-1;标准版头部总装-1/摄像头01-1/摄像头前部修101-1;标准版头部总装-1/RS05修101-1;标准版头部总装-1/轴承25-32-401-1,H_Degree3_system,H_Degree3_link,H_Degree3_joint,revolute,0.0996162018032838,0.0685002436295856,0,3.1415926535253,-1.36650979311032E-05,-1.57079177949145,H_Degree2_link,-1,0,0,0,0,0.7854,0.7854,,,,,,,,
